leader,interval,horizon,n,mean_atr,median_atr,t_stat,p_value,ci_low_atr,ci_high_atr,mean_bps,ci_low_bps,ci_high_bps,win_rate,mean_atr_BTCUSDT,mean_atr_ETHUSDT,mean_atr_SOLUSDT,signs_agree,n_non_overlap,non_overlap_mean_atr,non_overlap_p,passes
wavetrend,5m,1,68102,0.004096006288857958,-0.0011876394812449101,1.412830514173916,0.15771013395500064,-0.0016103047898560615,0.009903335770253607,0.07109884393260672,-0.07687716503082266,0.22351004963829849,0.4913512084813956,0.009185554789405703,0.005528066882945604,-0.0023883084741320683,False,61937,0.003069204763249168,0.3111234425140249,False
wavetrend,5m,3,68102,-0.004765750247177389,-0.014558836423304793,-0.9369750401915593,0.34877471982411273,-0.013598101163606525,0.0040435038719845,-0.095156591058609,-0.3490903875463555,0.15453286089366208,0.49207071745323194,-0.003963499178816573,0.002101560249816511,-0.012451632174785595,False,50198,-0.013872165283358719,0.018072255509816313,False
wavetrend,5m,6,68102,-0.01672729583362268,-0.018378676927040385,-2.310896618976865,0.020841537554619285,-0.02696154224206173,-0.006575089574459531,-0.12471294556426578,-0.4204396004362806,0.17586899315896662,0.4930545358432939,-0.02226746399597156,-0.010590395654985027,-0.017390346612691746,True,38396,-0.04639729644254036,1.2238539299153308e-06,False
wavetrend,5m,12,68098,-0.010808309066462766,-0.025418626830691373,-1.0412366375785098,0.29776943234552455,-0.021422151612029136,-0.0003084497311035705,-0.26331407789940153,-0.579271503849965,0.05002230135703468,0.49337719169432287,-0.010134386308868934,-0.010913507940550517,-0.011371133765020976,True,25267,-0.045076995621074076,0.006966970029977025,False
wavetrend,5m,24,68089,-0.004492427465482036,-0.03201684797694263,-0.2941494903385195,0.7686445715762877,-0.015879357720344153,0.006560798890715905,-0.0011933469131530778,-0.2992318330097079,0.30605793610585924,0.4940445593267635,-0.01596084541965881,0.007348235765878873,-0.005000142513810802,False,15032,-0.008319596155081104,0.7970103697368078,False
wavetrend,5m,48,68083,-0.013942307955446171,-0.03183639836696524,-0.6256779431787481,0.5315283007248849,-0.026238105628879273,-0.0018291364758643697,-0.40726162132062105,-0.7166333737265319,-0.09553912865776903,0.4960709721957023,-0.023843141998645487,-0.00831952769863213,-0.009765434656507692,True,8286,0.12102532554922145,0.0549320909381661,False
wavetrend,15m,1,22334,-0.006357882201492098,-0.032431819237553075,-1.323489780577612,0.18568610063191657,-0.015791501990468724,0.00267413030327897,-0.22010770529453305,-0.669974041186133,0.2234397259147164,0.4752395450882063,-0.0071218110180007385,-0.015782215038535333,0.003975142413963415,False,20241,-0.0073478089532680235,0.1441789139790154,False
wavetrend,15m,3,22331,-0.000111127860200709,-0.013268905425864497,-0.013427276627499827,0.9892870251543859,-0.013795977749785287,0.013720513111897873,-0.5558766950226304,-1.2570656460568819,0.16052163320782295,0.49169316197214635,0.001657597590172195,-0.0029399150624931465,0.0009899624510603913,False,16389,0.004412618696383562,0.6499631106054607,False
wavetrend,15m,6,22331,0.0335510800512716,-0.01189131339555373,2.7393979241542543,0.006160067064105451,0.016187378211360987,0.05094114646584252,0.931820073412036,0.09260260907748541,1.7929531834150005,0.4951860642156643,0.022697645853542364,0.038551857392914106,0.03934059940474778,True,12597,0.039265950836549476,0.01613064311113037,False
wavetrend,15m,12,22331,0.010294155033130485,-0.02689503857313375,0.590731426179971,0.5547063665552822,-0.007334392372184073,0.029515301856534493,-0.2754477991099376,-1.1486113178823374,0.647596789033312,0.49330527069992386,0.0045852515215334235,0.009440122901698295,0.016877067140087347,True,8364,0.014583329547556272,0.6216721393817063,False
wavetrend,15m,24,22325,0.02281536781943347,-0.025258667464963632,0.9092591085553697,0.36322318613349047,0.003297768371307732,0.041986361519760214,0.2404637083101437,-0.6886631178167122,1.1398936451606005,0.49531914893617024,0.02220486717974622,0.012293077517374342,0.03410955766806943,True,4944,-0.022456378310165323,0.6809384336068216,False
wavetrend,15m,48,22313,-0.003437321462093528,-0.01219852223619192,-0.09214930321018094,0.9265802440541069,-0.023009159957487858,0.017873169639247236,-0.6080418928516123,-1.5329653264230192,0.3639572507627244,0.49867790077533275,-0.007035906055340687,-0.004170595385676525,0.0009101173189929401,False,2747,0.11951472739475207,0.2638085925348113,False
wavetrend,1h,1,5238,0.011598057447912178,-0.019941360225085025,1.1483734179822087,0.25086689285699015,-0.00970501022937103,0.0325436721424518,0.2914401913454994,-1.967586113018105,2.5186949020363976,0.48148148148148145,0.03376035756708749,-0.0033935461592605274,0.004220145031980509,False,4742,0.009576473925279546,0.3654227911205198,False
wavetrend,1h,3,5235,0.011463157128177363,-0.010426985037281806,0.663131109291206,0.507275791021036,-0.018891733144672743,0.041211234436486506,0.7939455638281071,-2.0819621464285603,3.615772807896751,0.49455587392550143,0.02790887859754035,0.009808213563857289,-0.003161010116174336,False,3860,0.02940596625115735,0.1328128735352234,False
wavetrend,1h,6,5235,0.012507799699255775,-0.011947431302276133,0.49742894992739395,0.6189074902508961,-0.021926034508715,0.04866188252918609,1.5214307026047866,-1.8534967313314548,4.99099808974248,0.49493791786055397,0.016948071564564664,0.03389311685029224,-0.012533984718200903,False,2993,0.01801917880932544,0.5913430523908324,False
wavetrend,1h,12,5235,0.016308573237115317,0.04367659904882082,0.46047212283529193,0.6451965064681661,-0.022901437108432954,0.05365647232468085,2.655573000750252,-1.1430115411009416,6.278574039798267,0.5081184336198663,0.022172421579397052,0.0324928249129074,-0.005112461095249375,False,1986,0.1020251957557398,0.07165422030363706,False
wavetrend,1h,24,5229,-0.008749733842427854,-0.02686348826386279,-0.17711821413447104,0.8594223964966166,-0.04904905210055529,0.03140360041234394,-0.9465135836166538,-4.928934609044016,3.015270464149919,0.4974182444061962,0.015538290249800597,0.026987131283048398,-0.06723474475084848,False,1193,0.30082442134553405,0.005044915595373188,False
wavetrend,1h,48,5213,0.0021629687257331835,-0.10538130878684057,0.030293476923008645,0.9758341587293202,-0.03985447173820914,0.04444589485565745,0.3200915124647093,-3.697418022976359,4.329984047806104,0.48916171110684825,0.0229656737278044,0.013309097388976246,-0.029088677442594742,False,660,-0.16397689439919755,0.4084711698307993,False
adx,5m,1,8129,-0.008597025868223179,-0.057456254896866864,-0.8845883322641425,0.3764048678362925,-0.026801220744733328,0.010364421652825431,-0.0667487977743764,-0.556775840390805,0.45760299266497595,0.462787550744249,-0.026460581479025164,-0.02331321717700673,0.023764428320981815,False,8129,-0.008597025868223179,0.3764048678362925,False
adx,5m,3,8129,-0.043126820740898256,-0.1268569520949068,-2.64739246955482,0.008127166139759378,-0.07252959289670516,-0.012679827787552974,-0.7246466081400509,-1.4710134062142701,0.038750554458743064,0.45122401279370156,-0.06880707900424488,-0.06524515796924184,0.004320542700926268,False,8055,-0.04356792420101345,0.0077914448075010545,False
adx,5m,6,8129,-0.021212639224789637,-0.154669839381326,-0.9291237680763643,0.3528525397001579,-0.06255702039622825,0.022959852458643043,-0.32701220002604947,-1.3628624154513853,0.7894245453826351,0.4598351580760241,-0.0730191645390924,-0.03316516758308272,0.04310768484054305,False,7853,-0.0265127753946945,0.25096920588205157,False
adx,5m,12,8129,0.049630670698748734,-0.12957153712759686,1.524987959166183,0.1273010078218906,-0.008610486774547909,0.11315773818422233,0.6268400104388537,-0.8230701478018508,2.1846312225799185,0.4716447287489236,0.00888597485472529,0.05466376274784362,0.08634473922883731,True,7377,0.043082563205714366,0.20694579651908274,False
adx,5m,24,8129,0.03314800062108988,-0.15424164524422165,0.6919370563604118,0.4889966228435567,-0.05176422408388648,0.12447369382132503,0.030877515449516734,-1.9258415646071823,2.162141614890023,0.47484315413950057,0.03093598945709385,0.03355197008111818,0.03501554704292289,True,6277,0.03098144259830036,0.5649708615495546,False
adx,5m,48,8127,0.05353050070576976,-0.1648464867092484,0.7824833827018379,0.4339533483928435,-0.07534214839930822,0.18565855200810016,0.8151699542658789,-2.1494957566597104,3.8385445261927953,0.48431155407899595,-0.07522075646303238,0.21748341972798937,0.027264218010886822,False,4789,-0.0006386368332021253,0.9941079085756227,False
adx,15m,1,2553,0.003008153570701929,-0.055816886525572734,0.1784423933079326,0.8583897220945716,-0.030418486183467368,0.033448481297895336,0.16143833737530291,-1.2818809415118135,1.5112181107077518,0.46337641989815903,-0.003433434798135318,0.033117491552633674,-0.02065959604239257,False,2553,0.003008153570701929,0.8583897220945716,False
adx,15m,3,2553,0.021183848026719708,-0.06131994752151024,0.7037225886474452,0.4816697507485472,-0.03833728487076226,0.07937065332410446,0.8377584458970408,-1.7734718194872732,3.246582465635529,0.47591069330199764,0.05948459508191495,0.03185835863059637,-0.027791409632352212,False,2526,0.021280483479373703,0.4830512145420631,False
adx,15m,6,2553,0.07466638171484828,-0.02107618229274521,1.8040577618996911,0.07134012005026517,-0.011169116118524008,0.15276288959377926,4.124994112155553,0.05094027741493297,7.892853356791734,0.48962005483744614,0.08440801858611306,0.1015283805572154,0.03806274600121643,True,2441,0.08351296822381359,0.04931737718897944,False
adx,15m,12,2553,0.05516820769059532,-0.07012795275592572,0.9551935744100829,0.3395702843605795,-0.058945338501715606,0.1609322359729059,3.3366826808743513,-1.8428061673008762,8.43268085959705,0.4864864864864865,0.054067696836455535,0.1767227840692226,-0.06528585783389225,False,2283,0.09685910703194668,0.11006837017326876,False
adx,15m,24,2553,0.059372106775027134,0.0,0.7012005922956955,0.4832417722613047,-0.11535295022306999,0.21452393773398573,4.419054901619877,-3.0646758780685066,11.231909375178038,0.49980415197806505,0.08183435529411116,0.22546668126542077,-0.1291847162344505,False,1963,0.09412968241151932,0.3227642544089072,False
adx,15m,48,2550,0.027802149855861512,-0.16341242772164954,0.23437796540046804,0.8147103868829138,-0.1884015715720274,0.23013063343782458,2.026344128562052,-7.6497524837702064,11.527647253996195,0.4843137254901961,0.08637992673489626,0.08484716291135995,-0.08782064007867176,False,1488,0.16797157998225068,0.27594320147956747,False
adx,1h,1,618,-0.004947584781612745,-0.02715852455584916,-0.1445074730895492,0.8851469442999339,-0.07745451941132751,0.06553801485478065,-0.060133244561470775,-7.4417412247191335,7.188664751210958,0.47572815533980584,-0.09885026318007613,0.06728713576659286,0.010044827210934366,False,618,-0.004947584781612745,0.8851469442999339,False
adx,1h,3,618,0.018741269524926683,-0.0760907991023282,0.33232620022308246,0.7397558276907663,-0.10671025514376528,0.1401538589438361,1.5407180771690547,-10.275404573656177,13.149532730203834,0.46601941747572817,-0.007496979547316155,0.07838026173525255,-0.01652475198322095,False,617,0.01941505816096762,0.7311583371910082,False
adx,1h,6,617,0.043522039589567574,-0.06222143210881709,0.548204535854869,0.5837500722292357,-0.13681265978337112,0.22439089317092425,6.075767144220506,-11.746041441650517,24.67330347471623,0.47974068071312803,-0.05536732306292238,0.12614771074510328,0.052799651332758046,False,601,0.04779773556906717,0.5468397874209363,False
adx,1h,12,615,0.09484410386955948,-0.15446120298019997,0.8836000450461854,0.3772579915973166,-0.13669573300550852,0.3215945355736424,3.251025801125483,-18.5731401525438,24.21275011512885,0.4715447154471545,0.071493313455405,0.11340077532458862,0.09797030922767379,True,559,0.1076520904257675,0.32108579733177467,False
adx,1h,24,615,0.16612484593473945,0.009172881293747876,1.1089393978071713,0.267890488286613,-0.1760119866366539,0.5142145195420014,6.966931592050822,-24.482820674276905,38.2278182107951,0.5008130081300813,-0.01744803105981903,0.28303311738472253,0.21967710312256045,False,476,0.3065287192533911,0.062449455074831905,False
adx,1h,48,615,0.5085793570048411,0.05716572343223488,2.369149942697037,0.018137421360862365,0.0673527503095456,0.9425261447723541,34.46289938496513,-4.428782772704022,72.81132320595628,0.5056910569105691,0.33677529238763815,0.6206909953640747,0.5560000643615819,True,366,0.5802677665182454,0.03868479356418228,False
