setting_key,family,interval,score,score_percentile,n_neighbours,neighbour_median_score,best_horizon,mean_atr,mean_bps,n_signals,signs_agree,neighbour_percentile,passes_neighbour,passes_signs,passes_all
"adx[length=10, threshold=15.0]",adx,15m,54.333333333333336,0.8923076923076924,3,29.666666666666668,24,-0.014743553026358464,-1.983021390581623,1575,False,0.4307692307692308,False,False,False
"adx[length=10, threshold=15.0]",adx,1h,37.833333333333336,0.6307692307692307,3,35.666666666666664,1,0.06541254073259259,4.417625432660904,307,True,0.6076923076923076,False,True,False
"adx[length=10, threshold=15.0]",adx,5m,35.833333333333336,0.6,3,43.5,1,0.006790528556383474,0.11480584752840504,5037,False,0.8461538461538461,False,False,False
"adx[length=10, threshold=20.0]",adx,15m,29.666666666666668,0.4153846153846154,4,36.33333333333333,48,0.17902047068252772,8.56143951153198,3183,True,0.5538461538461539,False,True,False
"adx[length=10, threshold=20.0]",adx,1h,40.166666666666664,0.676923076923077,4,33.083333333333336,48,0.34458696928887617,29.56061585518315,761,True,0.5538461538461539,False,True,False
"adx[length=10, threshold=20.0]",adx,5m,43.5,0.7692307692307693,4,35.5,48,0.00655896114564161,0.48777910737960384,10396,False,0.5923076923076923,False,False,False
"adx[length=10, threshold=25.0]",adx,15m,28.5,0.4,4,25.166666666666668,24,0.07571731134903437,4.693105917935617,3730,False,0.3384615384615385,False,False,False
"adx[length=10, threshold=25.0]",adx,1h,27.666666666666668,0.36923076923076925,4,27.75,24,0.14226125086649027,3.8752482055665185,923,False,0.46923076923076923,False,False,False
"adx[length=10, threshold=25.0]",adx,5m,35.5,0.5769230769230769,4,30.25,12,0.02695482854752694,0.01978924051828963,11678,False,0.2846153846153846,True,False,False
"adx[length=10, threshold=30.0]",adx,15m,20.666666666666668,0.2846153846153846,3,22.166666666666668,3,0.04331432408470421,1.5813159778709076,3483,True,0.27692307692307694,True,True,True
"adx[length=10, threshold=30.0]",adx,1h,26.333333333333332,0.3384615384615385,3,27.666666666666668,24,0.2763785689116187,12.651525178704665,838,True,0.4461538461538462,False,True,False
"adx[length=10, threshold=30.0]",adx,5m,24.5,0.26153846153846155,3,31.0,48,0.16482009099756792,3.168551973646436,10497,True,0.33076923076923076,False,True,False
"adx[length=14, threshold=15.0]",adx,15m,20.333333333333332,0.26153846153846155,3,24.333333333333332,48,0.2691713727784245,11.126125841235485,1694,True,0.2923076923076923,True,True,True
"adx[length=14, threshold=15.0]",adx,1h,28.333333333333332,0.3923076923076923,3,35.333333333333336,12,0.13257419049073665,7.852101075043242,371,False,0.5846153846153846,False,False,False
"adx[length=14, threshold=15.0]",adx,5m,49.833333333333336,0.8461538461538461,3,35.833333333333336,12,-0.00898632322597309,-0.4207670975248868,6039,False,0.6307692307692307,False,False,False
"adx[length=14, threshold=20.0]",adx,15m,24.333333333333332,0.38461538461538464,4,20.5,6,0.07466638171484828,4.124994112155553,2553,True,0.2153846153846154,True,True,True
"adx[length=14, threshold=20.0]",adx,1h,28.333333333333332,0.3923076923076923,4,27.0,48,0.5085793570048411,34.46289938496513,615,True,0.4307692307692308,False,True,False
"adx[length=14, threshold=20.0]",adx,5m,33.666666666666664,0.46153846153846156,4,35.25,12,0.049630670698748734,0.6268400104388537,8129,True,0.5384615384615384,False,True,False
"adx[length=14, threshold=25.0]",adx,15m,10.333333333333334,0.08461538461538462,4,18.5,12,0.18390368437529747,7.527597417577197,2540,True,0.18461538461538463,True,True,True
"adx[length=14, threshold=25.0]",adx,1h,25.666666666666668,0.3076923076923077,4,25.75,48,0.5238693069025344,33.134004638316604,616,True,0.3076923076923077,False,True,False
"adx[length=14, threshold=25.0]",adx,5m,21.333333333333332,0.24615384615384617,4,26.083333333333332,48,0.1571639502657296,2.2117457949600303,7467,True,0.19230769230769232,True,True,True
"adx[length=14, threshold=30.0]",adx,15m,10.333333333333334,0.08461538461538462,3,10.333333333333334,12,0.21957446450726853,9.42396365323029,2046,True,0.046153846153846156,True,True,True
"adx[length=14, threshold=30.0]",adx,1h,23.833333333333332,0.24615384615384617,3,25.666666666666668,24,0.3489924875446842,17.278968996512464,487,False,0.2923076923076923,True,False,False
"adx[length=14, threshold=30.0]",adx,5m,11.333333333333334,0.1076923076923077,3,21.333333333333332,24,0.21866442437994518,2.831779491581196,5729,True,0.09230769230769231,True,True,True
"adx[length=20, threshold=15.0]",adx,15m,15.166666666666666,0.16923076923076924,3,20.666666666666668,12,0.12626309270579944,6.7719481703240785,1538,True,0.23846153846153847,True,True,True
"adx[length=20, threshold=15.0]",adx,1h,35.333333333333336,0.5076923076923077,3,28.333333333333332,48,0.40672309887267616,28.45462657675823,382,True,0.5076923076923077,False,True,False
"adx[length=20, threshold=15.0]",adx,5m,36.333333333333336,0.6307692307692307,3,27.0,12,0.06601043650566793,0.9424375060363748,5205,False,0.2153846153846154,True,False,False
"adx[length=20, threshold=20.0]",adx,15m,20.666666666666668,0.2846153846153846,4,13.916666666666666,12,0.11133256638917992,5.90317053681881,1794,False,0.1076923076923077,True,False,False
"adx[length=20, threshold=20.0]",adx,1h,20.5,0.2,4,22.416666666666664,48,0.5894941984038515,37.65486558839557,422,True,0.16923076923076924,True,True,True
"adx[length=20, threshold=20.0]",adx,5m,27.0,0.27692307692307694,4,26.083333333333332,48,0.16490329504777798,3.0313012237581636,5398,True,0.19230769230769232,True,True,True
"adx[length=20, threshold=25.0]",adx,15m,12.666666666666666,0.12307692307692308,4,7.333333333333334,48,0.29568763979871815,12.888401741570721,1482,True,0.03076923076923077,True,True,True
"adx[length=20, threshold=25.0]",adx,1h,8.166666666666666,0.09230769230769231,4,24.5,24,0.6190764142729499,32.72399859754528,352,True,0.24615384615384617,True,True,True
"adx[length=20, threshold=25.0]",adx,5m,18.5,0.2153846153846154,4,13.916666666666666,48,0.2793411314177208,7.066674139952133,4123,True,0.07692307692307693,True,True,True
"adx[length=20, threshold=30.0]",adx,15m,4.333333333333333,0.046153846153846156,3,12.666666666666666,12,0.3211269513998587,7.98391582100126,1073,True,0.08461538461538462,True,True,True
"adx[length=20, threshold=30.0]",adx,1h,23.333333333333332,0.23076923076923078,3,23.833333333333332,24,0.4690515228984108,23.94119196974934,272,True,0.23076923076923078,True,True,True
"adx[length=20, threshold=30.0]",adx,5m,6.5,0.046153846153846156,3,11.333333333333334,12,0.21821487080917165,4.2484444836721185,2821,True,0.06153846153846154,True,True,True
"adx[length=28, threshold=15.0]",adx,15m,23.833333333333332,0.36923076923076925,2,11.833333333333332,24,0.16305000626646576,6.610388061249254,1271,False,0.06153846153846154,True,False,False
"adx[length=28, threshold=15.0]",adx,1h,34.166666666666664,0.49230769230769234,2,25.916666666666668,24,0.30846443806442436,21.72668841503171,303,True,0.3230769230769231,False,True,False
"adx[length=28, threshold=15.0]",adx,5m,11.0,0.09230769230769231,2,23.25,24,0.18785755053123027,3.349178864801307,3860,True,0.12307692307692308,True,True,True
"adx[length=28, threshold=20.0]",adx,15m,8.5,0.06153846153846154,3,20.666666666666668,6,0.15682816132869423,5.708825677388298,1124,True,0.23846153846153847,True,True,True
"adx[length=28, threshold=20.0]",adx,1h,16.5,0.16153846153846155,3,29.166666666666668,24,0.5792122583745696,32.273097826046694,276,True,0.5230769230769231,False,True,False
"adx[length=28, threshold=20.0]",adx,5m,10.166666666666666,0.07692307692307693,3,11.0,6,0.08032723537623673,0.35021562657783306,3281,True,0.046153846153846156,True,True,True
"adx[length=28, threshold=25.0]",adx,15m,3.0,0.015384615384615385,3,12.666666666666666,12,0.3748572993956179,12.647241622447144,804,True,0.08461538461538462,True,True,True
"adx[length=28, threshold=25.0]",adx,1h,29.166666666666668,0.4230769230769231,3,16.5,6,0.18210968819482395,7.304760024533008,209,False,0.1076923076923077,True,False,False
"adx[length=28, threshold=25.0]",adx,5m,5.333333333333333,0.03076923076923077,3,10.166666666666666,6,0.13703384037031757,2.087357503658716,2233,True,0.03076923076923077,True,True,True
"adx[length=28, threshold=30.0]",adx,15m,23.0,0.35384615384615387,2,3.6666666666666665,48,0.6797424587301724,18.15269094439379,549,True,0.015384615384615385,True,True,True
"adx[length=28, threshold=30.0]",adx,1h,44.0,0.7538461538461538,2,26.25,3,0.06889320408211,12.391176091096611,137,False,0.38461538461538464,False,False,False
"adx[length=28, threshold=30.0]",adx,5m,9.166666666666666,0.06153846153846154,2,5.916666666666666,6,0.12988946035869114,2.3409830897187778,1346,True,0.015384615384615385,True,True,True
"adx[length=7, threshold=15.0]",adx,15m,54.5,0.9076923076923077,2,49.25,48,-0.025002296274886312,-5.1559496012013035,993,False,0.9692307692307692,False,False,False
"adx[length=7, threshold=15.0]",adx,1h,35.666666666666664,0.5230769230769231,2,39.5,1,0.10827131051872,13.983602917173354,212,False,0.7230769230769231,False,False,False
"adx[length=7, threshold=15.0]",adx,5m,14.166666666666666,0.14615384615384616,2,35.66666666666667,3,0.027285603437238536,0.2634469078454787,2981,True,0.6153846153846154,False,True,False
"adx[length=7, threshold=20.0]",adx,15m,44.166666666666664,0.7230769230769231,3,35.833333333333336,48,0.05184191439600494,-1.3986059037760885,3278,True,0.5230769230769231,False,True,False
"adx[length=7, threshold=20.0]",adx,1h,41.166666666666664,0.6923076923076923,3,35.666666666666664,48,0.26953785820870696,11.369481792643828,706,False,0.6076923076923076,False,False,False
"adx[length=7, threshold=20.0]",adx,5m,35.5,0.5769230769230769,3,36.0,48,0.04822581256357439,1.2806838398667677,10553,False,0.6615384615384615,False,False,False
"adx[length=7, threshold=25.0]",adx,15m,35.833333333333336,0.5307692307692308,3,28.5,24,0.052767300734754496,1.9239953699283796,5002,False,0.4153846153846154,False,False,False
"adx[length=7, threshold=25.0]",adx,1h,29.166666666666668,0.4230769230769231,3,41.166666666666664,24,0.20415481156077947,8.104794938968242,1144,False,0.7384615384615385,False,False,False
"adx[length=7, threshold=25.0]",adx,5m,36.0,0.6153846153846154,3,35.5,24,0.017870826185859785,0.6265517894534712,16187,False,0.5923076923076923,False,False,False
"adx[length=7, threshold=30.0]",adx,15m,22.166666666666668,0.33076923076923076,2,28.25,1,0.014151097288847872,0.46945922657808714,5514,False,0.38461538461538464,False,False,False
"adx[length=7, threshold=30.0]",adx,1h,46.666666666666664,0.8153846153846154,2,27.75,24,0.008626822431690474,-6.700256352578864,1322,False,0.46923076923076923,False,False,False
"adx[length=7, threshold=30.0]",adx,5m,31.0,0.38461538461538464,2,30.25,24,0.040365396394374004,0.921237561883059,17171,False,0.2846153846153846,True,False,False
"squeeze[bb_length=14, kc_length=14, kc_mult=1.0]",squeeze,15m,34.666666666666664,0.47692307692307695,3,43.833333333333336,12,0.04534231494063249,1.5995951168222715,4782,False,0.8,False,False,False
"squeeze[bb_length=14, kc_length=14, kc_mult=1.0]",squeeze,1h,25.166666666666668,0.2923076923076923,3,24.666666666666668,1,0.05141644406705382,4.815597851837171,1250,True,0.2692307692307692,True,True,True
"squeeze[bb_length=14, kc_length=14, kc_mult=1.0]",squeeze,5m,18.333333333333332,0.2,3,50.0,1,0.017994997206323315,0.3705098738078523,10561,True,0.9230769230769231,False,True,False
"squeeze[bb_length=14, kc_length=14, kc_mult=1.5]",squeeze,15m,34.833333333333336,0.5,4,28.416666666666664,1,0.012974035480388762,0.6162922183712546,7364,True,0.4,False,True,False
"squeeze[bb_length=14, kc_length=14, kc_mult=1.5]",squeeze,1h,42.166666666666664,0.7384615384615385,4,27.833333333333336,6,0.016345139260844133,1.768004269728132,1747,False,0.49230769230769234,False,False,False
"squeeze[bb_length=14, kc_length=14, kc_mult=1.5]",squeeze,5m,37.0,0.6692307692307692,4,33.333333333333336,3,-0.00643213380039689,-0.1802217122049939,22952,False,0.4,False,False,False
"squeeze[bb_length=14, kc_length=14, kc_mult=2.0]",squeeze,15m,22.166666666666668,0.33076923076923076,3,14.666666666666666,12,0.06741569567878725,2.6282891049939536,5055,True,0.12307692307692308,True,True,True
"squeeze[bb_length=14, kc_length=14, kc_mult=2.0]",squeeze,1h,37.5,0.6,3,37.0,12,0.06778377750292852,-0.17499693657103405,1255,False,0.676923076923077,False,False,False
"squeeze[bb_length=14, kc_length=14, kc_mult=2.0]",squeeze,5m,29.666666666666668,0.3230769230769231,3,41.0,12,0.05024524933136747,0.6447785701646884,17542,True,0.8076923076923077,False,True,False
"squeeze[bb_length=14, kc_length=20, kc_mult=1.0]",squeeze,15m,43.833333333333336,0.7076923076923077,4,41.75,6,0.057568786338779494,3.6925733326711776,577,False,0.7307692307692307,False,False,False
"squeeze[bb_length=14, kc_length=20, kc_mult=1.0]",squeeze,1h,24.666666666666668,0.2692307692307692,4,20.833333333333336,3,0.14322642353569967,12.135733755576792,152,False,0.12307692307692308,True,False,False
"squeeze[bb_length=14, kc_length=20, kc_mult=1.0]",squeeze,5m,51.0,0.8923076923076924,4,24.583333333333332,1,-0.004109672313946296,0.04202635776732753,1126,False,0.14615384615384616,True,False,False
"squeeze[bb_length=14, kc_length=20, kc_mult=1.5]",squeeze,15m,21.833333333333332,0.3076923076923077,5,34.833333333333336,1,0.05431495223228699,2.479244038350635,1200,True,0.47692307692307695,False,True,False
"squeeze[bb_length=14, kc_length=20, kc_mult=1.5]",squeeze,1h,30.5,0.46153846153846156,5,26.833333333333332,48,0.4306924649333275,32.815748684500825,326,True,0.4076923076923077,False,True,False
"squeeze[bb_length=14, kc_length=20, kc_mult=1.5]",squeeze,5m,37.0,0.6692307692307692,5,38.166666666666664,24,0.052408181454102,1.2436512791692487,3131,False,0.7076923076923077,False,False,False
"squeeze[bb_length=14, kc_length=20, kc_mult=2.0]",squeeze,15m,13.0,0.13846153846153847,4,22.0,6,0.11823706511636287,0.048751663803504694,975,True,0.26153846153846155,True,True,True
"squeeze[bb_length=14, kc_length=20, kc_mult=2.0]",squeeze,1h,26.833333333333332,0.35384615384615387,4,33.5,1,0.11369624794032236,9.849199360546562,243,True,0.5692307692307692,False,True,False
"squeeze[bb_length=14, kc_length=20, kc_mult=2.0]",squeeze,5m,41.0,0.7230769230769231,4,36.0,48,0.09777831180667658,2.4423239011112616,2885,False,0.6615384615384615,False,False,False
"squeeze[bb_length=14, kc_length=30, kc_mult=1.0]",squeeze,15m,59.0,0.9692307692307692,3,43.833333333333336,6,-0.033888689177822555,-2.0865719887153915,224,False,0.8,False,False,False
"squeeze[bb_length=14, kc_length=30, kc_mult=1.0]",squeeze,1h,13.833333333333334,0.13846153846153847,3,24.666666666666668,1,0.2038416621960285,17.189000428946834,72,True,0.2692307692307692,True,True,True
"squeeze[bb_length=14, kc_length=30, kc_mult=1.0]",squeeze,5m,14.166666666666666,0.14615384615384616,3,28.0,3,0.14048581495896895,4.53947695979568,453,True,0.23846153846153847,True,True,True
"squeeze[bb_length=14, kc_length=30, kc_mult=1.5]",squeeze,15m,18.0,0.2076923076923077,4,35.75,1,0.07851781477790892,3.9043134212688226,458,True,0.5076923076923077,False,True,False
"squeeze[bb_length=14, kc_length=30, kc_mult=1.5]",squeeze,1h,61.0,0.9846153846153847,4,11.25,1,-0.010929404442225548,-0.28342873940693436,136,False,0.046153846153846156,True,False,False
"squeeze[bb_length=14, kc_length=30, kc_mult=1.5]",squeeze,5m,14.5,0.18461538461538463,4,25.583333333333332,48,0.4576620645464106,10.130941299249374,1160,True,0.16923076923076924,True,True,True
"squeeze[bb_length=14, kc_length=30, kc_mult=2.0]",squeeze,15m,49.666666666666664,0.8461538461538461,3,18.0,48,0.032125544912071785,-9.945760499734332,460,False,0.16923076923076924,True,False,False
"squeeze[bb_length=14, kc_length=30, kc_mult=2.0]",squeeze,1h,6.833333333333333,0.06153846153846154,3,26.833333333333332,1,0.22318779922340126,19.494747155296384,121,True,0.4076923076923077,False,True,False
"squeeze[bb_length=14, kc_length=30, kc_mult=2.0]",squeeze,5m,52.333333333333336,0.9384615384615385,3,41.0,48,0.1389150543491039,0.6044965846508134,1172,False,0.8076923076923077,False,False,False
"squeeze[bb_length=20, kc_length=14, kc_mult=1.0]",squeeze,15m,51.0,0.8615384615384616,4,41.75,1,-0.006719907922285096,0.10056957203230765,266,False,0.7307692307692307,False,False,False
"squeeze[bb_length=20, kc_length=14, kc_mult=1.0]",squeeze,1h,11.833333333333334,0.12307692307692308,4,21.916666666666668,24,0.49071715871159943,4.954752889026553,76,False,0.15384615384615385,True,False,False
"squeeze[bb_length=20, kc_length=14, kc_mult=1.0]",squeeze,5m,50.0,0.8615384615384616,4,24.583333333333332,6,0.062343857272053466,-1.3101430909523597,439,False,0.14615384615384616,True,False,False
"squeeze[bb_length=20, kc_length=14, kc_mult=1.5]",squeeze,15m,55.5,0.9230769230769231,5,34.833333333333336,6,-0.004117167761350549,-0.14508666061551787,744,False,0.47692307692307695,False,False,False
"squeeze[bb_length=20, kc_length=14, kc_mult=1.5]",squeeze,1h,18.666666666666668,0.18461538461538463,5,37.0,1,0.14825232365233137,7.477387946086822,203,True,0.676923076923077,False,True,False
"squeeze[bb_length=20, kc_length=14, kc_mult=1.5]",squeeze,5m,42.0,0.7538461538461538,5,38.166666666666664,6,0.0005179272302760713,0.28232878560564034,1945,False,0.7076923076923077,False,False,False
"squeeze[bb_length=20, kc_length=14, kc_mult=2.0]",squeeze,15m,14.666666666666666,0.15384615384615385,4,20.166666666666668,24,0.25690803378385296,10.635731721223667,484,True,0.2,True,True,True
"squeeze[bb_length=20, kc_length=14, kc_mult=2.0]",squeeze,1h,37.0,0.5846153846153846,4,36.41666666666667,12,0.18755155543412663,9.724335368727443,137,False,0.6384615384615384,False,False,False
"squeeze[bb_length=20, kc_length=14, kc_mult=2.0]",squeeze,5m,48.666666666666664,0.8307692307692308,4,32.333333333333336,6,0.010253203765359905,-0.7270702705743206,1686,False,0.35384615384615387,False,False,False
"squeeze[bb_length=20, kc_length=20, kc_mult=1.0]",squeeze,15m,48.833333333333336,0.8153846153846154,5,43.833333333333336,24,0.014766578135260241,-2.3404464862849834,1705,False,0.8,False,False,False
"squeeze[bb_length=20, kc_length=20, kc_mult=1.0]",squeeze,1h,16.5,0.16153846153846155,5,11.833333333333334,6,0.17834342038498932,21.775934379540523,428,True,0.06923076923076923,True,True,True
"squeeze[bb_length=20, kc_length=20, kc_mult=1.0]",squeeze,5m,30.833333333333332,0.36153846153846153,5,38.166666666666664,1,0.017175142723808958,0.535000878850101,2933,False,0.7076923076923077,False,False,False
"squeeze[bb_length=20, kc_length=20, kc_mult=1.5]",squeeze,15m,34.833333333333336,0.5,6,26.666666666666664,1,0.01005208593033213,0.5625739830742592,5118,False,0.36923076923076925,False,False,False
"squeeze[bb_length=20, kc_length=20, kc_mult=1.5]",squeeze,1h,26.166666666666668,0.3230769230769231,6,21.666666666666668,48,0.38177748855147603,33.39945243061512,1169,True,0.13846153846153847,True,True,True
"squeeze[bb_length=20, kc_length=20, kc_mult=1.5]",squeeze,5m,38.166666666666664,0.6923076923076923,6,36.0,24,0.009609596186134118,-0.30440571410098594,14377,False,0.6615384615384615,False,False,False
"squeeze[bb_length=20, kc_length=20, kc_mult=2.0]",squeeze,15m,18.166666666666668,0.23076923076923078,5,16.0,12,0.08823712808287834,2.900416246190033,4667,True,0.14615384615384616,True,True,True
"squeeze[bb_length=20, kc_length=20, kc_mult=2.0]",squeeze,1h,36.5,0.5692307692307692,5,26.166666666666668,3,0.04856184552115621,5.415438602783175,1143,True,0.35384615384615387,False,True,False
"squeeze[bb_length=20, kc_length=20, kc_mult=2.0]",squeeze,5m,35.0,0.5384615384615384,5,48.666666666666664,6,-0.002185780518049519,-0.04395402832493671,15481,False,0.9,False,False,False
"squeeze[bb_length=20, kc_length=30, kc_mult=1.0]",squeeze,15m,46.833333333333336,0.7538461538461538,4,52.41666666666667,48,0.0787863841525582,-6.133204785818399,111,False,0.9846153846153847,False,False,False
"squeeze[bb_length=20, kc_length=30, kc_mult=1.0]",squeeze,1h,1.8333333333333333,0.03076923076923077,4,15.166666666666668,1,0.3311912929684311,31.71140914345989,36,False,0.09230769230769231,True,False,False
"squeeze[bb_length=20, kc_length=30, kc_mult=1.0]",squeeze,5m,28.0,0.3076923076923077,4,22.5,6,0.12751060045132784,4.517132868845662,197,False,0.1076923076923077,True,False,False
"squeeze[bb_length=20, kc_length=30, kc_mult=1.5]",squeeze,15m,10.666666666666666,0.1076923076923077,5,42.333333333333336,1,0.10736878990916672,4.526404862292711,453,True,0.7615384615384615,False,True,False
"squeeze[bb_length=20, kc_length=30, kc_mult=1.5]",squeeze,1h,8.666666666666666,0.1076923076923077,5,26.166666666666668,12,0.5206538080149031,50.91908884827239,120,True,0.35384615384615387,False,True,False
"squeeze[bb_length=20, kc_length=30, kc_mult=1.5]",squeeze,5m,13.5,0.12307692307692308,5,35.333333333333336,48,0.4244183697390547,11.679493590341055,1129,True,0.5615384615384615,False,True,False
"squeeze[bb_length=20, kc_length=30, kc_mult=2.0]",squeeze,15m,42.333333333333336,0.6923076923076923,4,26.083333333333336,48,0.27371498978273173,5.988023602441782,527,True,0.35384615384615387,False,True,False
"squeeze[bb_length=20, kc_length=30, kc_mult=2.0]",squeeze,1h,3.5,0.046153846153846156,4,22.583333333333332,3,0.34571505564933863,32.05583702696281,147,True,0.18461538461538463,True,True,True
"squeeze[bb_length=20, kc_length=30, kc_mult=2.0]",squeeze,5m,54.166666666666664,0.9538461538461539,4,34.83333333333333,48,0.06049148306283768,-0.8270613129057204,1459,False,0.5153846153846153,False,False,False
"squeeze[bb_length=30, kc_length=14, kc_mult=1.0]",squeeze,15m,4.0,0.03076923076923077,3,41.0,1,0.20111776989830285,11.326422541854738,27,False,0.7076923076923077,False,False,False
"squeeze[bb_length=30, kc_length=14, kc_mult=1.0]",squeeze,1h,36.166666666666664,0.5384615384615384,3,11.833333333333334,6,0.43983141308050444,42.30852022639176,5,False,0.06923076923076923,True,False,False
"squeeze[bb_length=30, kc_length=14, kc_mult=1.0]",squeeze,5m,4.0,0.015384615384615385,3,34.333333333333336,1,0.3616574634698055,7.040527822979678,19,True,0.47692307692307695,False,True,False
"squeeze[bb_length=30, kc_length=14, kc_mult=1.5]",squeeze,15m,41.0,0.676923076923077,4,24.75,1,0.06744161829443593,3.977514910836872,104,True,0.3076923076923077,False,True,False
"squeeze[bb_length=30, kc_length=14, kc_mult=1.5]",squeeze,1h,47.666666666666664,0.8461538461538461,4,30.416666666666664,12,0.41428513668145384,31.9824488195413,35,True,0.5384615384615384,False,True,False
"squeeze[bb_length=30, kc_length=14, kc_mult=1.5]",squeeze,5m,34.333333333333336,0.49230769230769234,4,28.166666666666668,1,0.05560172244702109,0.9869628882356025,241,False,0.26153846153846155,True,False,False
"squeeze[bb_length=30, kc_length=14, kc_mult=2.0]",squeeze,15m,18.0,0.2076923076923077,3,16.0,24,0.3697434904563048,24.597622706765698,88,False,0.14615384615384616,True,False,False
"squeeze[bb_length=30, kc_length=14, kc_mult=2.0]",squeeze,1h,36.333333333333336,0.5538461538461539,3,37.0,3,0.30849097878290677,23.936554287457685,34,False,0.676923076923077,False,False,False
"squeeze[bb_length=30, kc_length=14, kc_mult=2.0]",squeeze,5m,14.333333333333334,0.16923076923076924,3,48.666666666666664,3,0.11818023146029191,4.226834832583888,216,True,0.9,False,True,False
"squeeze[bb_length=30, kc_length=20, kc_mult=1.0]",squeeze,15m,18.666666666666668,0.24615384615384617,4,40.16666666666667,3,0.18369824759718303,2.2413460267908705,27,False,0.6923076923076923,False,False,False
"squeeze[bb_length=30, kc_length=20, kc_mult=1.0]",squeeze,1h,1.5,0.015384615384615385,4,23.083333333333336,3,0.7335680068048068,76.14792799839628,12,False,0.2076923076923077,True,False,False
"squeeze[bb_length=30, kc_length=20, kc_mult=1.0]",squeeze,5m,20.666666666666668,0.23076923076923078,4,31.0,12,0.8188662075949945,19.755486962259457,41,True,0.33076923076923076,False,True,False
"squeeze[bb_length=30, kc_length=20, kc_mult=1.5]",squeeze,15m,31.5,0.4307692307692308,5,34.833333333333336,3,0.08219095647988145,1.6653942380522218,271,False,0.47692307692307695,False,False,False
"squeeze[bb_length=30, kc_length=20, kc_mult=1.5]",squeeze,1h,24.666666666666668,0.2692307692307692,5,26.166666666666668,3,0.14109455544890145,9.690444645480532,64,False,0.35384615384615387,False,False,False
"squeeze[bb_length=30, kc_length=20, kc_mult=1.5]",squeeze,5m,45.166666666666664,0.8,5,35.333333333333336,24,0.10414123170376512,2.7823850331132287,597,False,0.5615384615384615,False,False,False
"squeeze[bb_length=30, kc_length=20, kc_mult=2.0]",squeeze,15m,16.0,0.18461538461538463,4,24.833333333333336,6,0.13212256515753487,3.0825464033791232,287,True,0.3230769230769231,False,True,False
"squeeze[bb_length=30, kc_length=20, kc_mult=2.0]",squeeze,1h,7.5,0.07692307692307693,4,36.41666666666667,48,1.118634566987491,66.40429345428221,89,False,0.6384615384615384,False,False,False
"squeeze[bb_length=30, kc_length=20, kc_mult=2.0]",squeeze,5m,51.333333333333336,0.9230769230769231,4,34.83333333333333,1,0.031200413268166173,0.4477306437992146,806,False,0.5153846153846153,False,False,False
"squeeze[bb_length=30, kc_length=30, kc_mult=1.0]",squeeze,15m,56.0,0.9384615384615385,3,45.666666666666664,3,0.01792739097621225,-1.5170905847278737,252,False,0.8769230769230769,False,False,False
"squeeze[bb_length=30, kc_length=30, kc_mult=1.0]",squeeze,1h,21.5,0.2153846153846154,3,1.8333333333333333,1,0.10486792597301782,11.221707322553527,81,True,0.015384615384615385,True,True,True
"squeeze[bb_length=30, kc_length=30, kc_mult=1.0]",squeeze,5m,31.166666666666668,0.4,3,28.0,1,0.035488213411572975,1.2321729204496608,341,False,0.23846153846153847,True,False,False
"squeeze[bb_length=30, kc_length=30, kc_mult=1.5]",squeeze,15m,45.666666666666664,0.7384615384615385,4,32.75,48,0.1627794515904266,5.076675538727187,2573,False,0.4461538461538462,False,False,False
"squeeze[bb_length=30, kc_length=30, kc_mult=1.5]",squeeze,1h,30.333333333333332,0.4461538461538462,4,23.083333333333336,48,0.34438099606561934,18.474881972473362,586,False,0.2076923076923077,True,False,False
"squeeze[bb_length=30, kc_length=30, kc_mult=1.5]",squeeze,5m,35.333333333333336,0.5538461538461539,4,32.916666666666664,3,-0.00275034748794974,-0.06347812188210694,5924,False,0.36923076923076925,False,False,False
"squeeze[bb_length=30, kc_length=30, kc_mult=2.0]",squeeze,15m,34.0,0.46153846153846156,3,42.333333333333336,6,0.04037050164584592,1.1015987060902086,3531,False,0.7615384615384615,False,False,False
"squeeze[bb_length=30, kc_length=30, kc_mult=2.0]",squeeze,1h,52.5,0.9076923076923077,3,7.5,48,0.1555425827701434,-0.7426578047453719,795,False,0.03076923076923077,True,False,False
"squeeze[bb_length=30, kc_length=30, kc_mult=2.0]",squeeze,5m,34.666666666666664,0.5230769230769231,3,51.333333333333336,1,0.009168323823365958,0.26512424998331285,10555,True,0.9846153846153847,False,True,False
"wavetrend[n1=10, n2=12, mode=all]",wavetrend,15m,35.833333333333336,0.5307692307692308,4,37.16666666666667,24,0.02518655102250131,0.4257880072104333,24488,True,0.5846153846153846,False,True,False
"wavetrend[n1=10, n2=12, mode=all]",wavetrend,1h,45.5,0.7846153846153846,4,43.333333333333336,24,-0.017152560454931395,-1.24324346789919,5841,False,0.7846153846153846,False,False,False
"wavetrend[n1=10, n2=12, mode=all]",wavetrend,5m,30.333333333333332,0.3384615384615385,4,33.083333333333336,3,-0.001385525299225966,0.0077297644394686985,75120,False,0.38461538461538464,False,False,False
"wavetrend[n1=10, n2=12, mode=zone]",wavetrend,15m,48.0,0.7923076923076923,4,44.33333333333333,1,-0.0030116805672754095,0.05666988933313861,5680,False,0.8384615384615385,False,False,False
"wavetrend[n1=10, n2=12, mode=zone]",wavetrend,1h,56.166666666666664,0.9384615384615385,4,47.83333333333333,6,-0.03099534493938887,0.9551478897350547,1420,False,0.8769230769230769,False,False,False
"wavetrend[n1=10, n2=12, mode=zone]",wavetrend,5m,46.333333333333336,0.8153846153846154,4,38.916666666666664,3,-0.011024196850714034,-0.06072033970975129,17837,False,0.7692307692307693,False,False,False
"wavetrend[n1=10, n2=21, mode=all]",wavetrend,15m,36.833333333333336,0.5846153846153846,5,37.5,6,0.0335510800512716,0.931820073412036,22331,True,0.6076923076923076,False,True,False
"wavetrend[n1=10, n2=21, mode=all]",wavetrend,1h,39.833333333333336,0.6615384615384615,5,45.5,6,0.012507799699255775,1.5214307026047866,5235,False,0.8153846153846154,False,False,False
"wavetrend[n1=10, n2=21, mode=all]",wavetrend,5m,34.333333333333336,0.49230769230769234,5,33.5,3,-0.004765750247177389,-0.095156591058609,68102,False,0.4230769230769231,False,False,False
"wavetrend[n1=10, n2=21, mode=zone]",wavetrend,15m,40.666666666666664,0.6615384615384615,5,48.0,1,0.013422962238930764,0.5894626175474409,3075,False,0.9461538461538461,False,False,False
"wavetrend[n1=10, n2=21, mode=zone]",wavetrend,1h,60.5,0.9692307692307692,5,56.166666666666664,3,-0.06799871321818576,-4.941222405887754,784,False,0.9769230769230769,False,False,False
"wavetrend[n1=10, n2=21, mode=zone]",wavetrend,5m,44.0,0.7846153846153846,5,50.5,1,0.009662741744439615,0.11609242425458385,9370,False,0.9461538461538461,False,False,False
"wavetrend[n1=10, n2=34, mode=all]",wavetrend,15m,39.666666666666664,0.6307692307692307,4,38.5,6,0.029837081220249216,0.7017435682667145,20805,True,0.6307692307692307,False,True,False
"wavetrend[n1=10, n2=34, mode=all]",wavetrend,1h,41.5,0.7076923076923077,4,42.583333333333336,1,0.014938933095131966,0.6402364957166791,4910,True,0.7692307692307693,False,True,False
"wavetrend[n1=10, n2=34, mode=all]",wavetrend,5m,38.333333333333336,0.7076923076923077,4,34.333333333333336,1,0.0018271487455682627,-0.01424767862611655,63368,False,0.47692307692307695,False,False,False
"wavetrend[n1=10, n2=34, mode=zone]",wavetrend,15m,60.0,0.9923076923076923,4,45.0,1,-0.030460285952291503,-1.2386772884312525,1269,False,0.8615384615384616,False,False,False
"wavetrend[n1=10, n2=34, mode=zone]",wavetrend,1h,61.333333333333336,1.0,4,52.66666666666667,48,-0.09153976458022531,11.626059201907863,346,False,0.9538461538461539,False,False,False
"wavetrend[n1=10, n2=34, mode=zone]",wavetrend,5m,57.833333333333336,0.9692307692307692,4,51.5,24,-0.05785933789100296,-1.8807498644975509,3943,False,1.0,False,False,False
"wavetrend[n1=15, n2=12, mode=all]",wavetrend,15m,32.166666666666664,0.4461538461538462,3,37.5,6,0.034999902924419235,1.0541231971747487,21858,True,0.6076923076923076,False,True,False
"wavetrend[n1=15, n2=12, mode=all]",wavetrend,1h,38.166666666666664,0.6461538461538462,3,45.5,6,0.02400716492746174,2.644208440623101,5127,False,0.8153846153846154,False,False,False
"wavetrend[n1=15, n2=12, mode=all]",wavetrend,5m,31.833333333333332,0.4153846153846154,3,33.5,3,-0.002356922614210717,-0.04026950087478732,67482,False,0.4230769230769231,False,False,False
"wavetrend[n1=15, n2=12, mode=zone]",wavetrend,15m,48.0,0.7923076923076923,3,47.333333333333336,1,-0.0063394825135572215,-0.3046766013889022,6419,False,0.9153846153846154,False,False,False
"wavetrend[n1=15, n2=12, mode=zone]",wavetrend,1h,50.166666666666664,0.8769230769230769,3,48.333333333333336,6,0.01743598208493854,7.21151432858998,1566,False,0.9,False,False,False
"wavetrend[n1=15, n2=12, mode=zone]",wavetrend,5m,36.666666666666664,0.6461538461538462,3,46.333333333333336,3,-0.00010883097738807146,0.2655948853426917,20295,False,0.8692307692307693,False,False,False
"wavetrend[n1=15, n2=21, mode=all]",wavetrend,15m,37.5,0.6076923076923076,4,36.66666666666667,6,0.030796421050928016,0.7958866654839577,19525,True,0.5692307692307692,False,True,False
"wavetrend[n1=15, n2=21, mode=all]",wavetrend,1h,34.0,0.47692307692307695,4,39.0,3,0.036855576974830405,3.5775887628220158,4553,True,0.7076923076923077,False,True,False
"wavetrend[n1=15, n2=21, mode=all]",wavetrend,5m,33.5,0.4461538461538462,4,33.833333333333336,1,0.004556239110255303,0.07170731806186516,60134,False,0.4461538461538462,False,False,False
"wavetrend[n1=15, n2=21, mode=zone]",wavetrend,15m,47.333333333333336,0.7692307692307693,4,44.33333333333333,1,-7.84875041431868e-05,-0.470148811809524,4247,False,0.8384615384615385,False,False,False
"wavetrend[n1=15, n2=21, mode=zone]",wavetrend,1h,48.333333333333336,0.8615384615384616,4,51.0,3,0.017779589243951666,1.001626447757249,1054,False,0.9384615384615385,False,False,False
"wavetrend[n1=15, n2=21, mode=zone]",wavetrend,5m,51.166666666666664,0.9076923076923077,4,40.33333333333333,1,-0.009395919669733702,-0.2308144715274216,13151,False,0.7846153846153846,False,False,False
"wavetrend[n1=15, n2=34, mode=all]",wavetrend,15m,36.5,0.5692307692307692,3,39.666666666666664,6,0.03149994129555087,0.660466683691713,17965,True,0.6692307692307692,False,True,False
"wavetrend[n1=15, n2=34, mode=all]",wavetrend,1h,37.666666666666664,0.6153846153846154,3,41.5,3,0.023141125923512338,2.749424080113465,4263,True,0.7538461538461538,False,True,False
"wavetrend[n1=15, n2=34, mode=all]",wavetrend,5m,33.333333333333336,0.4307692307692308,3,38.333333333333336,24,0.0010678918390013242,-0.060342616250995566,55193,False,0.7461538461538462,False,False,False
"wavetrend[n1=15, n2=34, mode=zone]",wavetrend,15m,49.333333333333336,0.8307692307692308,3,47.333333333333336,1,-0.0028650778768639674,-0.052890758510404486,2410,False,0.9153846153846154,False,False,False
"wavetrend[n1=15, n2=34, mode=zone]",wavetrend,1h,51.833333333333336,0.8923076923076924,3,48.333333333333336,48,0.3107577235175235,53.043704009122806,608,True,0.9,False,True,False
"wavetrend[n1=15, n2=34, mode=zone]",wavetrend,5m,59.0,0.9846153846153847,3,51.166666666666664,1,-0.020517198717003755,-0.48054826533811,7244,True,0.9692307692307692,False,True,False
"wavetrend[n1=6, n2=12, mode=all]",wavetrend,15m,37.5,0.6076923076923076,3,36.0,1,-0.0015244323321198482,0.06955867729855468,28475,False,0.5384615384615384,False,False,False
"wavetrend[n1=6, n2=12, mode=all]",wavetrend,1h,46.833333333333336,0.8307692307692308,3,45.5,1,0.009129218665675327,0.6808800852739301,6938,True,0.8153846153846154,False,True,False
"wavetrend[n1=6, n2=12, mode=all]",wavetrend,5m,30.833333333333332,0.36153846153846153,3,30.333333333333332,3,-0.0013307969653941951,-0.021385174090227062,86862,False,0.3076923076923077,False,False,False
"wavetrend[n1=6, n2=12, mode=zone]",wavetrend,15m,51.333333333333336,0.8769230769230769,3,48.0,1,-0.0010347074472029742,0.26915731166796764,3571,False,0.9461538461538461,False,False,False
"wavetrend[n1=6, n2=12, mode=zone]",wavetrend,1h,42.0,0.7230769230769231,3,56.166666666666664,1,0.02820069905584603,2.601537200752911,938,True,0.9769230769230769,False,True,False
"wavetrend[n1=6, n2=12, mode=zone]",wavetrend,5m,41.166666666666664,0.7384615384615385,3,46.333333333333336,24,0.010032367932641275,1.3217130275258862,10884,False,0.8692307692307693,False,False,False
"wavetrend[n1=6, n2=21, mode=all]",wavetrend,15m,36.0,0.5538461538461539,4,38.83333333333333,1,-0.00019570936657350768,0.18987228696276373,26155,False,0.6461538461538462,False,False,False
"wavetrend[n1=6, n2=21, mode=all]",wavetrend,1h,46.5,0.8,4,46.083333333333336,24,-0.016504315611037403,-1.7582808345013898,6287,False,0.8461538461538461,False,False,False
"wavetrend[n1=6, n2=21, mode=all]",wavetrend,5m,27.333333333333332,0.2923076923076923,4,34.333333333333336,3,-5.156486502814253e-05,0.01802383883718906,79264,False,0.47692307692307695,False,False,False
"wavetrend[n1=6, n2=21, mode=zone]",wavetrend,15m,60.0,0.9923076923076923,4,46.0,1,-0.014626216400361417,-0.38293921295252653,1242,False,0.8923076923076924,False,False,False
"wavetrend[n1=6, n2=21, mode=zone]",wavetrend,1h,56.5,0.9538461538461539,4,50.0,1,0.009210093231402742,-0.28251197160398267,297,False,0.9230769230769231,False,False,False
"wavetrend[n1=6, n2=21, mode=zone]",wavetrend,5m,50.5,0.8769230769230769,4,42.58333333333333,1,0.0034884620704241677,-0.14881001349073117,3742,False,0.8307692307692308,False,False,False
"wavetrend[n1=6, n2=34, mode=all]",wavetrend,15m,40.166666666666664,0.6461538461538462,3,39.666666666666664,12,0.006285186691139699,-0.37918286158384407,24715,False,0.6692307692307692,False,False,False
"wavetrend[n1=6, n2=34, mode=all]",wavetrend,1h,45.333333333333336,0.7692307692307693,3,46.5,6,0.004981373311557041,0.27096751437865185,5913,False,0.8615384615384616,False,False,False
"wavetrend[n1=6, n2=34, mode=all]",wavetrend,5m,34.333333333333336,0.49230769230769234,3,38.333333333333336,1,0.004625600633906052,0.1109352785611295,74850,True,0.7461538461538462,False,True,False
"wavetrend[n1=6, n2=34, mode=zone]",wavetrend,15m,57.166666666666664,0.9538461538461539,3,60.0,1,0.005081187983263077,-0.018390800726076288,282,False,1.0,False,False,False
"wavetrend[n1=6, n2=34, mode=zone]",wavetrend,1h,53.5,0.9230769230769231,3,56.5,24,0.20833115793356594,49.90525609242199,89,False,1.0,False,False,False
"wavetrend[n1=6, n2=34, mode=zone]",wavetrend,5m,61.666666666666664,1.0,3,50.5,1,-0.021447645617220127,-1.865982680948194,875,False,0.9461538461538461,False,False,False
